ATAR,Aggregate
30.05,164.49
30.1,164.65
30.15,164.82
30.2,164.98
30.25,165.15
30.3,165.31
30.35,165.48
30.4,165.65
30.45,165.81
30.5,165.98
30.55,166.14
30.6,166.31
30.65,166.47
30.7,166.64
30.75,166.81
30.8,166.97
30.85,167.14
30.9,167.31
30.95,167.47
31.0,167.64
31.05,167.8
31.1,167.97
31.15,168.14
31.2,168.3
31.25,168.47
31.3,168.64
31.35,168.8
31.4,168.97
31.45,169.14
31.5,169.3
31.55,169.47
31.6,169.64
31.65,169.8
31.7,169.97
31.75,170.14
31.8,170.31
31.85,170.47
31.9,170.64
31.95,170.81
32.0,170.98
32.05,171.14
32.1,171.31
32.15,171.48
32.2,171.65
32.25,171.81
32.3,171.98
32.35,172.15
32.4,172.32
32.45,172.48
32.5,172.65
32.55,172.82
32.6,172.99
32.65,173.16
32.7,173.32
32.75,173.49
32.8,173.66
32.85,173.83
32.9,174.0
32.95,174.17
33.0,174.34
33.05,174.5
33.1,174.67
33.15,174.84
33.2,175.01
33.25,175.18
33.3,175.35
33.35,175.52
33.4,175.69
33.45,175.85
33.5,176.02
33.55,176.19
33.6,176.36
33.65,176.53
33.7,176.7
33.75,176.87
33.8,177.04
33.85,177.21
33.9,177.38
33.95,177.55
34.0,177.72
34.05,177.89
34.1,178.06
34.15,178.23
34.2,178.4
34.25,178.57
34.3,178.74
34.35,178.91
34.4,179.08
34.45,179.25
34.5,179.42
34.55,179.59
34.6,179.76
34.65,179.93
34.7,180.1
34.75,180.27
34.8,180.44
34.85,180.61
34.9,180.78
34.95,180.95
35.0,181.12
35.05,181.29
35.1,181.46
35.15,181.63
35.2,181.81
35.25,181.98
35.3,182.15
35.35,182.32
35.4,182.49
35.45,182.66
35.5,182.83
35.55,183.0
35.6,183.18
35.65,183.35
35.7,183.52
35.75,183.69
35.8,183.86
35.85,184.03
35.9,184.2
35.95,184.38
36.0,184.55
36.05,184.72
36.1,184.89
36.15,185.06
36.2,185.24
36.25,185.41
36.3,185.58
36.35,185.75
36.4,185.93
36.45,186.1
36.5,186.27
36.55,186.44
36.6,186.62
36.65,186.79
36.7,186.96
36.75,187.13
36.8,187.31
36.85,187.48
36.9,187.65
36.95,187.82
37.0,188.0
37.05,188.17
37.1,188.34
37.15,188.52
37.2,188.69
37.25,188.86
37.3,189.04
37.35,189.21
37.4,189.38
37.45,189.56
37.5,189.73
37.55,189.9
37.6,190.08
37.65,190.25
37.7,190.42
37.75,190.6
37.8,190.77
37.85,190.95
37.9,191.12
37.95,191.29
38.0,191.47
38.05,191.64
38.1,191.82
38.15,191.99
38.2,192.17
38.25,192.34
38.3,192.51
38.35,192.69
38.4,192.86
38.45,193.04
38.5,193.21
38.55,193.39
38.6,193.56
38.65,193.74
38.7,193.91
38.75,194.09
38.8,194.26
38.85,194.44
38.9,194.61
38.95,194.79
39.0,194.96
39.05,195.14
39.1,195.31
39.15,195.49
39.2,195.66
39.25,195.84
39.3,196.01
39.35,196.19
39.4,196.37
39.45,196.54
39.5,196.72
39.55,196.89
39.6,197.07
39.65,197.24
39.7,197.42
39.75,197.6
39.8,197.77
39.85,197.95
39.9,198.12
39.95,198.3
40.0,198.48
40.05,198.65
40.1,198.83
40.15,199.01
40.2,199.18
40.25,199.36
40.3,199.54
40.35,199.71
40.4,199.89
40.45,200.07
40.5,200.24
40.55,200.42
40.6,200.6
40.65,200.77
40.7,200.95
40.75,201.13
40.8,201.31
40.85,201.48
40.9,201.66
40.95,201.84
41.0,202.01
41.05,202.19
41.1,202.37
41.15,202.55
41.2,202.73
41.25,202.9
41.3,203.08
41.35,203.26
41.4,203.44
41.45,203.61
41.5,203.79
41.55,203.97
41.6,204.15
41.65,204.33
41.7,204.5
41.75,204.68
41.8,204.86
41.85,205.04
41.9,205.22
41.95,205.4
42.0,205.57
42.05,205.75
42.1,205.93
42.15,206.11
42.2,206.29
42.25,206.47
42.3,206.65
42.35,206.83
42.4,207.01
42.45,207.18
42.5,207.36
42.55,207.54
42.6,207.72
42.65,207.9
42.7,208.08
42.75,208.26
42.8,208.44
42.85,208.62
42.9,208.8
42.95,208.98
43.0,209.16
43.05,209.34
43.1,209.52
43.15,209.7
43.2,209.88
43.25,210.06
43.3,210.24
43.35,210.42
43.4,210.6
43.45,210.78
43.5,210.96
43.55,211.14
43.6,211.32
43.65,211.5
43.7,211.68
43.75,211.86
43.8,212.04
43.85,212.22
43.9,212.4
43.95,212.58
44.0,212.76
44.05,212.94
44.1,213.12
44.15,213.3
44.2,213.49
44.25,213.67
44.3,213.85
44.35,214.03
44.4,214.21
44.45,214.39
44.5,214.57
44.55,214.75
44.6,214.93
44.65,215.12
44.7,215.3
44.75,215.48
44.8,215.66
44.85,215.84
44.9,216.02
44.95,216.21
45.0,216.39
45.05,216.57
45.1,216.75
45.15,216.93
45.2,217.12
45.25,217.3
45.3,217.48
45.35,217.66
45.4,217.85
45.45,218.03
45.5,218.21
45.55,218.39
45.6,218.57
45.65,218.76
45.7,218.94
45.75,219.12
45.8,219.31
45.85,219.49
45.9,219.67
45.95,219.85
46.0,220.04
46.05,220.22
46.1,220.4
46.15,220.59
46.2,220.77
46.25,220.95
46.3,221.14
46.35,221.32
46.4,221.5
46.45,221.69
46.5,221.87
46.55,222.05
46.6,222.24
46.65,222.42
46.7,222.6
46.75,222.79
46.8,222.97
46.85,223.16
46.9,223.34
46.95,223.52
47.0,223.71
47.05,223.89
47.1,224.08
47.15,224.26
47.2,224.45
47.25,224.63
47.3,224.81
47.35,225.0
47.4,225.18
47.45,225.37
47.5,225.55
47.55,225.74
47.6,225.92
47.65,226.11
47.7,226.29
47.75,226.48
47.8,226.66
47.85,226.85
47.9,227.03
47.95,227.22
48.0,227.4
48.05,227.58
48.1,227.77
48.15,227.95
48.2,228.13
48.25,228.31
48.3,228.5
48.35,228.68
48.4,228.86
48.45,229.04
48.5,229.22
48.55,229.41
48.6,229.59
48.65,229.77
48.7,229.95
48.75,230.13
48.8,230.31
48.85,230.48
48.9,230.66
48.95,230.84
49.0,231.01
49.05,231.19
49.1,231.36
49.15,231.54
49.2,231.71
49.25,231.89
49.3,232.06
49.35,232.23
49.4,232.41
49.45,232.58
49.5,232.76
49.55,232.94
49.6,233.11
49.65,233.29
49.7,233.46
49.75,233.64
49.8,233.82
49.85,234.0
49.9,234.18
49.95,234.36
50.0,234.54
50.05,234.73
50.1,234.91
50.15,235.1
50.2,235.28
50.25,235.47
50.3,235.66
50.35,235.85
50.4,236.05
50.45,236.24
50.5,236.44
50.55,236.64
50.6,236.84
50.65,237.04
50.7,237.25
50.75,237.46
50.8,237.67
50.85,237.88
50.9,238.1
50.95,238.33
51.0,238.59
51.05,238.85
51.1,239.1
51.15,239.35
51.2,239.58
51.25,239.79
51.3,239.99
51.35,240.19
51.4,240.39
51.45,240.57
51.5,240.76
51.55,240.93
51.6,241.09
51.65,241.25
51.7,241.39
51.75,241.53
51.8,241.67
51.85,241.8
51.9,241.93
51.95,242.07
52.0,242.22
52.05,242.38
52.1,242.57
52.15,242.78
52.2,243.01
52.25,243.26
52.3,243.51
52.35,243.77
52.4,244.02
52.45,244.25
52.5,244.47
52.55,244.65
52.6,244.82
52.65,244.99
52.7,245.14
52.75,245.3
52.8,245.44
52.85,245.59
52.9,245.74
52.95,245.89
53.0,246.04
53.05,246.19
53.1,246.36
53.15,246.53
53.2,246.7
53.25,246.88
53.3,247.06
53.35,247.24
53.4,247.43
53.45,247.62
53.5,247.81
53.55,248.01
53.6,248.21
53.65,248.41
53.7,248.61
53.75,248.82
53.8,249.03
53.85,249.24
53.9,249.45
53.95,249.66
54.0,249.87
54.05,250.08
54.1,250.3
54.15,250.51
54.2,250.72
54.25,250.94
54.3,251.15
54.35,251.37
54.4,251.58
54.45,251.79
54.5,252.01
54.55,252.22
54.6,252.43
54.65,252.64
54.7,252.84
54.75,253.05
54.8,253.25
54.85,253.45
54.9,253.65
54.95,253.85
55.0,254.05
55.05,254.24
55.1,254.44
55.15,254.64
55.2,254.83
55.25,255.03
55.3,255.23
55.35,255.42
55.4,255.62
55.45,255.82
55.5,256.01
55.55,256.21
55.6,256.4
55.65,256.59
55.7,256.79
55.75,256.98
55.8,257.17
55.85,257.37
55.9,257.56
55.95,257.75
56.0,257.95
56.05,258.14
56.1,258.34
56.15,258.53
56.2,258.72
56.25,258.91
56.3,259.11
56.35,259.3
56.4,259.49
56.45,259.68
56.5,259.87
56.55,260.06
56.6,260.25
56.65,260.44
56.7,260.63
56.75,260.82
56.8,261.0
56.85,261.19
56.9,261.38
56.95,261.57
57.0,261.76
57.05,261.94
57.1,262.13
57.15,262.32
57.2,262.51
57.25,262.7
57.3,262.89
57.35,263.07
57.4,263.26
57.45,263.45
57.5,263.64
57.55,263.83
57.6,264.02
57.65,264.21
57.7,264.4
57.75,264.59
57.8,264.78
57.85,264.97
57.9,265.17
57.95,265.36
58.0,265.55
58.05,265.75
58.1,265.95
58.15,266.15
58.2,266.35
58.25,266.57
58.3,266.77
58.35,266.98
58.4,267.19
58.45,267.41
58.5,267.63
58.55,267.86
58.6,268.09
58.65,268.33
58.7,268.56
58.75,268.79
58.8,269.03
58.85,269.26
58.9,269.5
58.95,269.73
59.0,269.96
59.05,270.19
59.1,270.42
59.15,270.65
59.2,270.87
59.25,271.1
59.3,271.32
59.35,271.54
59.4,271.77
59.45,271.98
59.5,272.17
59.55,272.36
59.6,272.54
59.65,272.71
59.7,272.87
59.75,273.03
59.8,273.19
59.85,273.35
59.9,273.51
59.95,273.68
60.0,273.85
60.05,274.03
60.1,274.22
60.15,274.41
60.2,274.61
60.25,274.82
60.3,275.03
60.35,275.25
60.4,275.47
60.45,275.69
60.5,275.91
60.55,276.14
60.6,276.36
60.65,276.59
60.7,276.81
60.75,277.03
60.8,277.24
60.85,277.45
60.9,277.66
60.95,277.86
61.0,278.07
61.05,278.27
61.1,278.48
61.15,278.69
61.2,278.91
61.25,279.12
61.3,279.33
61.35,279.55
61.4,279.76
61.45,279.97
61.5,280.18
61.55,280.38
61.6,280.59
61.65,280.81
61.7,281.03
61.75,281.26
61.8,281.49
61.85,281.72
61.9,281.96
61.95,282.19
62.0,282.43
62.05,282.68
62.1,282.94
62.15,283.22
62.2,283.49
62.25,283.77
62.3,284.03
62.35,284.28
62.4,284.52
62.45,284.75
62.5,284.96
62.55,285.15
62.6,285.32
62.65,285.5
62.7,285.67
62.75,285.85
62.8,286.02
62.85,286.2
62.9,286.38
62.95,286.57
63.0,286.77
63.05,286.97
63.1,287.18
63.15,287.4
63.2,287.61
63.25,287.83
63.3,288.06
63.35,288.3
63.4,288.52
63.45,288.75
63.5,288.98
63.55,289.2
63.6,289.43
63.65,289.65
63.7,289.87
63.75,290.09
63.8,290.3
63.85,290.52
63.9,290.73
63.95,290.94
64.0,291.16
64.05,291.37
64.1,291.59
64.15,291.8
64.2,292.02
64.25,292.24
64.3,292.46
64.35,292.68
64.4,292.91
64.45,293.14
64.5,293.37
64.55,293.61
64.6,293.85
64.65,294.1
64.7,294.36
64.75,294.65
64.8,294.95
64.85,295.26
64.9,295.57
64.95,295.86
65.0,296.13
65.05,296.38
65.1,296.62
65.15,296.85
65.2,297.08
65.25,297.3
65.3,297.52
65.35,297.73
65.4,297.95
65.45,298.17
65.5,298.39
65.55,298.6
65.6,298.82
65.65,299.03
65.7,299.25
65.75,299.46
65.8,299.68
65.85,299.89
65.9,300.09
65.95,300.29
66.0,300.49
66.05,300.69
66.1,300.89
66.15,301.1
66.2,301.31
66.25,301.52
66.3,301.73
66.35,301.95
66.4,302.16
66.45,302.38
66.5,302.6
66.55,302.82
66.6,303.05
66.65,303.27
66.7,303.48
66.75,303.68
66.8,303.87
66.85,304.05
66.9,304.23
66.95,304.42
67.0,304.61
67.05,304.8
67.1,304.97
67.15,305.15
67.2,305.33
67.25,305.52
67.3,305.71
67.35,305.92
67.4,306.15
67.45,306.39
67.5,306.65
67.55,306.91
67.6,307.19
67.65,307.49
67.7,307.8
67.75,308.14
67.8,308.5
67.85,309.27
67.9,309.53
67.95,309.76
68.0,310.0
68.05,310.24
68.1,310.49
68.15,310.73
68.2,310.98
68.25,311.23
68.3,311.49
68.35,311.75
68.4,312.0
68.45,312.26
68.5,312.51
68.55,312.76
68.6,313.01
68.65,313.25
68.7,313.48
68.75,313.7
68.8,313.92
68.85,314.12
68.9,314.31
68.95,314.49
69.0,314.65
69.05,314.8
69.1,314.95
69.15,315.24
69.2,315.61
69.25,315.99
69.3,316.27
69.35,316.43
69.4,316.57
69.45,316.71
69.5,316.86
69.55,317.04
69.6,317.25
69.65,317.48
69.7,317.72
69.75,317.95
69.8,318.19
69.85,318.44
69.9,318.69
69.95,318.93
70.0,319.17
70.05,319.4
70.1,319.63
70.15,319.86
70.2,320.09
70.25,320.33
70.3,320.58
70.35,320.84
70.4,321.11
70.45,321.42
70.5,321.83
70.55,322.26
70.6,322.57
70.65,322.77
70.7,322.95
70.75,323.12
70.8,323.29
70.85,323.46
70.9,323.64
70.95,323.84
71.0,324.08
71.05,324.34
71.1,324.6
71.15,324.87
71.2,325.12
71.25,325.37
71.3,325.61
71.35,325.86
71.4,326.11
71.45,326.37
71.5,326.61
71.55,326.83
71.6,327.06
71.65,327.3
71.7,327.55
71.75,327.79
71.8,328.02
71.85,328.25
71.9,328.51
71.95,328.77
72.0,329.04
72.05,329.31
72.1,329.58
72.15,329.86
72.2,330.16
72.25,330.5
72.3,330.94
72.35,331.36
72.4,331.66
72.45,331.83
72.5,331.98
72.55,332.14
72.6,332.3
72.65,332.88
72.7,333.14
72.75,333.31
72.8,333.49
72.85,333.67
72.9,333.85
72.95,334.05
73.0,334.25
73.05,334.48
73.1,334.73
73.15,334.97
73.2,335.22
73.25,335.49
73.3,335.77
73.35,336.05
73.4,336.33
73.45,336.61
73.5,336.88
73.55,337.14
73.6,337.41
73.65,337.67
73.7,337.94
73.75,338.21
73.8,338.48
73.85,338.74
73.9,339.01
73.95,339.28
74.0,339.55
74.05,339.81
74.1,340.08
74.15,340.34
74.2,340.61
74.25,340.87
74.3,341.13
74.35,341.4
74.4,341.65
74.45,341.91
74.5,342.17
74.55,342.43
74.6,342.69
74.65,342.96
74.7,343.23
74.75,343.51
74.8,343.78
74.85,344.04
74.9,344.3
74.95,344.56
75.0,344.81
75.05,345.09
75.1,345.39
75.15,345.7
75.2,346.14
75.25,346.64
75.3,346.97
75.35,347.15
75.4,347.33
75.45,347.53
75.5,347.73
75.55,347.93
75.6,348.14
75.65,348.37
75.7,348.62
75.75,348.89
75.8,349.17
75.85,349.46
75.9,349.8
75.95,350.51
76.0,350.81
76.05,351.06
76.1,351.27
76.15,351.46
76.2,351.64
76.25,351.82
76.3,352.02
76.35,352.24
76.4,352.49
76.45,352.79
76.5,353.63
76.55,353.94
76.6,354.16
76.65,354.36
76.7,354.64
76.75,354.97
76.8,355.26
76.85,355.5
76.9,355.73
76.95,355.95
77.0,356.16
77.05,356.37
77.1,356.57
77.15,356.78
77.2,357.0
77.25,357.24
77.3,357.49
77.35,357.77
77.4,358.08
77.45,358.51
77.5,359.11
77.55,359.46
77.6,359.63
77.65,359.79
77.7,359.96
77.75,360.17
77.8,360.54
77.85,360.99
77.9,361.4
77.95,361.7
78.0,361.89
78.05,362.09
78.1,362.3
78.15,362.51
78.2,362.74
78.25,362.97
78.3,363.2
78.35,363.44
78.4,363.7
78.45,363.99
78.5,364.28
78.55,364.61
78.6,364.97
78.65,365.34
78.7,365.7
78.75,366.04
78.8,366.31
78.85,366.52
78.9,366.69
78.95,366.88
79.0,367.12
79.05,367.37
79.1,367.69
79.15,368.47
79.2,368.64
79.25,368.81
79.3,368.97
79.35,369.14
79.4,369.34
79.45,369.63
79.5,369.94
79.55,370.26
79.6,370.56
79.65,370.84
79.7,371.11
79.75,371.38
79.8,371.7
79.85,372.11
79.9,372.55
79.95,372.99
80.0,373.35
80.05,373.65
80.1,373.94
80.15,374.22
80.2,374.49
80.25,374.76
80.3,375.04
80.35,375.35
80.4,375.66
80.45,375.98
80.5,376.28
80.55,376.56
80.6,376.81
80.65,377.01
80.7,377.18
80.75,377.35
80.8,377.52
80.85,378.24
80.9,378.58
80.95,378.82
81.0,379.0
81.05,379.16
81.1,379.32
81.15,379.49
81.2,379.68
81.25,379.96
81.3,380.35
81.35,380.82
81.4,381.28
81.45,381.67
81.5,381.91
81.55,382.09
81.6,382.25
81.65,382.42
81.7,382.62
81.75,382.83
81.8,383.09
81.85,383.42
81.9,383.88
81.95,384.39
82.0,384.8
82.05,385.02
82.1,385.18
82.15,385.35
82.2,385.58
82.25,385.84
82.3,386.15
82.35,386.49
82.4,386.86
82.45,387.22
82.5,387.57
82.55,387.91
82.6,388.22
82.65,388.52
82.7,388.83
82.75,389.15
82.8,389.45
82.85,389.71
82.9,389.92
82.95,390.08
83.0,390.25
83.05,390.43
83.1,390.63
83.15,390.86
83.2,391.1
83.25,391.42
83.3,391.78
83.35,392.19
83.4,392.62
83.45,393.03
83.5,393.39
83.55,393.68
83.6,393.87
83.65,394.05
83.7,394.21
83.75,394.39
83.8,394.69
83.85,395.1
83.9,395.53
83.95,395.92
84.0,396.23
84.05,396.52
84.1,396.81
84.15,397.08
84.2,397.36
84.25,397.65
84.3,397.94
84.35,398.22
84.4,398.52
84.45,398.79
84.5,398.95
84.55,399.12
84.6,399.32
84.65,399.55
84.7,399.79
84.75,400.03
84.8,400.29
84.85,400.56
84.9,400.82
84.95,401.12
85.0,401.71
85.05,402.15
85.1,402.31
85.15,402.47
85.2,402.65
85.25,402.87
85.3,403.13
85.35,403.66
85.4,404.24
85.45,404.48
85.5,404.67
85.55,404.85
85.6,405.06
85.65,405.31
85.7,405.59
85.75,405.89
85.8,406.21
85.85,406.54
85.9,406.88
85.95,407.22
86.0,407.55
86.05,407.88
86.1,408.19
86.15,408.49
86.2,408.76
86.25,409.06
86.3,409.38
86.35,409.67
86.4,409.9
86.45,410.09
86.5,410.25
86.55,410.41
86.6,410.62
86.65,410.83
86.7,411.62
86.75,411.89
86.8,412.2
86.85,412.41
86.9,412.57
86.95,412.75
87.0,413.09
87.05,413.5
87.1,413.87
87.15,414.13
87.2,414.31
87.25,414.59
87.3,415.01
87.35,415.32
87.4,415.58
87.45,415.87
87.5,416.2
87.55,416.53
87.6,416.8
87.65,416.97
87.7,417.22
87.75,417.54
87.8,417.87
87.85,418.14
87.9,418.45
87.95,418.74
88.0,419.02
88.05,419.29
88.1,419.47
88.15,419.87
88.2,420.15
88.25,420.42
88.3,420.7
88.35,420.95
88.4,421.15
88.45,421.29
88.5,421.47
88.55,421.82
88.6,422.25
88.65,422.67
88.7,422.93
88.75,423.15
88.8,423.53
88.85,423.81
88.9,424.07
88.95,424.39
89.0,424.67
89.05,424.85
89.1,425.02
89.15,425.18
89.2,425.34
89.25,425.52
89.3,425.79
89.35,426.09
89.4,426.4
89.45,426.67
89.5,426.94
89.55,427.21
89.6,427.51
89.65,427.92
89.7,428.43
89.75,428.88
89.8,429.15
89.85,429.31
89.9,429.48
89.95,429.65
90.0,429.93
90.05,430.31
90.1,430.73
90.15,431.1
90.2,431.4
90.25,431.68
90.3,431.96
90.35,432.25
90.4,432.53
90.45,432.8
90.5,433.08
90.55,433.37
90.6,433.64
90.65,433.9
90.7,434.2
90.75,434.45
90.8,434.67
90.85,434.88
90.9,435.08
90.95,435.25
91.0,435.48
91.05,435.7
91.1,436.0
91.15,436.46
91.2,436.63
91.25,437.31
91.3,437.57
91.35,437.84
91.4,438.15
91.45,438.42
91.5,438.7
91.55,438.99
91.6,439.24
91.65,439.48
91.7,439.69
91.75,439.85
91.8,440.05
91.85,440.27
91.9,440.47
91.95,440.69
92.0,440.96
92.05,441.24
92.1,441.54
92.15,441.82
92.2,442.1
92.25,442.46
92.3,442.93
92.35,443.39
92.4,443.74
92.45,443.96
92.5,444.28
92.55,444.58
92.6,444.87
92.65,445.15
92.7,445.42
92.75,445.59
92.8,445.81
92.85,446.16
92.9,446.53
92.95,446.81
93.0,447.08
93.05,447.38
93.1,447.66
93.15,447.95
93.2,448.22
93.25,448.5
93.3,448.78
93.35,449.06
93.4,449.38
93.45,449.59
93.5,449.77
93.55,450.29
93.6,450.63
93.65,450.91
93.7,451.15
93.75,451.38
93.8,451.6
93.85,451.87
93.9,452.18
93.95,452.4
94.0,452.71
94.05,453.0
94.1,453.31
94.15,453.58
94.2,453.85
94.25,454.13
94.3,454.41
94.35,454.7
94.4,455.0
94.45,455.3
94.5,455.5
94.55,455.84
94.6,456.14
94.65,456.33
94.7,456.69
94.75,457.0
94.8,457.23
94.85,457.57
94.9,457.85
94.95,458.13
95.0,458.41
95.05,458.7
95.1,458.98
95.15,459.25
95.2,459.55
95.25,459.86
95.3,460.15
95.35,460.42
95.4,460.73
95.45,460.89
95.5,461.26
95.55,461.59
95.6,461.92
95.65,462.22
95.7,462.47
95.75,462.71
95.8,462.89
95.85,463.15
95.9,463.59
95.95,463.87
96.0,464.18
96.05,464.5
96.1,464.68
96.15,464.85
96.2,465.04
96.25,465.34
96.3,465.9
96.35,466.23
96.4,466.48
96.45,466.71
96.5,467.11
96.55,467.39
96.6,467.66
96.65,467.99
96.7,468.29
96.75,468.53
96.8,468.77
96.85,468.96
96.9,469.14
96.95,469.52
97.0,470.03
97.05,470.3
97.1,470.46
97.15,470.88
97.2,471.06
97.25,471.42
97.3,471.82
97.35,472.09
97.4,472.42
97.45,472.67
97.5,472.97
97.55,473.16
97.6,473.58
97.65,473.81
97.7,474.2
97.75,474.52
97.8,474.78
97.85,475.02
97.9,475.23
97.95,475.67
98.0,475.99
98.05,476.28
98.1,476.52
98.15,476.71
98.2,476.89
98.25,477.41
98.3,477.69
98.35,478.1
98.4,478.38
98.45,478.68
98.5,478.9
98.55,479.08
98.6,479.3
98.65,479.75
98.7,480.18
98.75,480.48
98.8,480.81
98.85,481.1
98.9,481.41
98.95,481.73
99.0,482.02
99.05,482.29
99.1,482.59
99.15,482.87
99.2,483.21
99.25,483.49
99.3,483.79
99.35,484.12
99.4,484.43
99.45,484.73
99.5,485.04
99.55,485.33
99.6,485.65
99.65,485.96
99.7,486.24
99.75,486.53
99.8,486.87
99.85,487.17
99.9,487.49
99.95,488.25
